id,title,place,description,siteUrl,favoritesCount,commentsCount,publicationDate,rating
51422,"В посёлке Репино благоустроили парк и пляж","null","«Дюны» теперь украшает фигура тюленя.",https://kudago.com/spb/news/v-repino-blagoustroili-park-i/,0,0,1726652417,0.5
51419,"Правила игры: рецензия на фильм «Виды доброты» Йоргоса Лантимоса","null","Сейчас на больших экранах и в сети можно увидеть фильм Йоргоса Лантимоса «Виды доброты», который принёс Джесси Племонсу награду за лучшую мужскую роль на Каннском фестивале. Чем хорош новый фильм популярного режиссёра и почему он совсем не похож на «Бедных-несчастных», читайте в нашей рецензии. Ещё больше обзоров премьер и рецензий на фильмы ищите у нас на сайте в разделе про кино.",https://kudago.com/all/news/retsenziya-na-film-vidyi-dobrotyi/,0,0,1726590847,0.5
51416,"Стало известно, когда выйдет сериал о Гарри Поттере","null","Сейчас идёт работа над сценарием.",https://kudago.com/all/news/serial-o-garri-pottere-obeschayut-v/,0,0,1726584634,0.5
51412,"Стало известно, когда выключат фонтаны «Петергофа»","null","В сентябре график работы парков и музеев изменится из-за праздника фонтанов.",https://kudago.com/spb/news/kogda-vyklyuchat-fontany-petergofa/,0,0,1726578999,0.5
51413,"Кинолог назвал самые популярные осенние имена для собак","null","Лидируют Ветер, Осень и Дождь.",https://kudago.com/all/news/kinolog-nazval-samyie-populyarnyie/,0,0,1726577183,0.5
51411,"В Ленобласти ловили гималайского медведя и заметили лося на шоссе","null","Оба события произошли в окрестностях Гатчины.",https://kudago.com/spb/news/v-lenoblasti-lovili-gimalajskogo/,0,0,1726573995,0.5
51410,"Был объявлен шорт-лист Букеровской премии","null","Победитель станет известен в середине ноября.",https://kudago.com/all/news/short-list-bukerovskoj-premii/,0,0,1726573815,0.5
51408,"«Эмили в Париже» получила пятый сезон","null","В нём действие переместится в Рим.",https://kudago.com/all/news/emili-v-parizhe-poluchila-pyatyij/,0,0,1726567675,0.5
51409,"Новая книга Виктора Пелевина получила название «Круть»","null","Действие детективного романа разворачивается в уголовном мире.",https://kudago.com/all/news/novaya-kniga-viktora-pelevina-nazyvaetsya-krut/,0,0,1726566386,0.5
51404,"Вышел дебютный клип One Fish Orchestra «Пинабалерина»","null","Видео One Fish Orchestra выполнено в необычном формате кинотанца.",https://kudago.com/all/news/pinabalerina---kinotanets-na/,2,0,1726502258,0.8807970779778823
51405,"Эксперты выяснили, сколько денег нужно россиянам для счастья","null","Самые высокие запросы у жителей Москвы и Владивостока.",https://kudago.com/all/news/ekspertyi-vyiyasnili-skolko-deneg/,0,0,1726501282,0.5
51402,"В Петербурге восстановили три фонтана","null","Они находятся в историческом центре города.",https://kudago.com/spb/news/v-peterburge-vosstanovili-tri/,0,0,1726498462,0.5
51401,"Старая (не)добрая комедия: рецензия на фильм «Ненасытные люди»","null","Потси Пончироли, режиссёр фильма «Старый Генри», пробует заигрывать со смешением жанров. Поэтому пытается вместить в один флакон чёрную комедию с отчаянной драмой. А ещё дотянуться до почерка всем известных режиссёров — например, Тарантино или братьев Коэн. Но ни того, ни другого, кажется, не получается. Однако, возможно, кого-то порадует возвращение Джозефа Гордона-Левитта на большие экраны. Каким в итоге получился фильм «Ненасытные люди», читайте в нашей рецензии. Ещё больше обзоров премьер и рецензий на фильмы ищите у нас на сайте в разделе про кино.",https://kudago.com/all/news/retsenziya-na-film-nenasyitnyie/,0,0,1726496880,0.5
51400,"Умерла самая старая кошка в мире","null","Она жила в Великобритании.",https://kudago.com/all/news/umerla-samaya-staraya-koshka-v-mire/,0,0,1726496255,0.5
51398,"Названы лауреаты премии «Эмми»","null","Лучшим стал «Сёгун».",https://kudago.com/all/news/laureaty-premii-emmi/,0,0,1726494131,0.5
51396,"По Выборгскому шоссе гуляют лошади","null","Их видят не в первый раз.",https://kudago.com/spb/news/po-vyiborgskomu-shosse-gulyayut/,0,0,1726489945,0.5
51393,"В Ленобласти объявился глухарь-драчун","null","Он прогоняет со своей территории фотографов и грибников.",https://kudago.com/spb/news/v-lenoblasti-obyavilsya-gluhar-/,0,0,1726489869,0.5
51392,"Русский музей предупредил о закрытии нескольких залов","null","В Михайловском дворце готовят выставку к 225-летию Карла Брюллова.",https://kudago.com/spb/news/russkij-muzej-predupredil-o/,0,0,1726483114,0.5
51390,"Группа «Сироткин» запишет совместный трек с начинающим артистом","null","Выбрать счастливчика поможет ряд заданий.",https://kudago.com/all/news/gruppa-sirotkin-zapishet/,0,0,1726480835,0.5
51389,"В Петербурге начинает холодать","null","Однако осадков метеорологи не обещают.",https://kudago.com/spb/news/v-peterburge-nachinaet-holodat/,0,0,1726480589,0.5
51382,"Стали известны лауреаты Шнобелевской премии","null","Её вручают в 34-й раз.",https://kudago.com/all/news/stali-izvestnyi-laureatyi/,0,0,1726252651,0.5
51381,"Несмотря на засуху, грибники несут из леса полные корзины","null","А ещё в Ленобласти появилась клюква.",https://kudago.com/spb/news/nesmotrya-na-zasuhu-gribniki/,0,0,1726252539,0.5
51380,"Опубликован тизер шоу про юного Декстера","null","Премьера — зимой.",https://kudago.com/all/news/opublikovan-tizer-shou-pro-yunogo/,0,0,1726252424,0.5
51383,"Худеющий кот Крошик хотел сбежать из реабилитационного центра","null","Но застрял.",https://kudago.com/all/news/hudeyuschij-kot-kroshik-hotel/,0,0,1726252327,0.5
51379,"Август 2024 года стал самым жарким в истории наблюдений","null","Синоптики предсказывают новые температурные рекорды.",https://kudago.com/all/news/avgust-2024-goda-stal-samyim/,0,0,1726234002,0.5
51378,"На Парашютной снова пасутся чёрные свиньи","null","Сначала их приняли за кабанов.",https://kudago.com/spb/news/na-parashyutnoj-snova-pasutsya/,0,0,1726231956,0.5
51377,"«Аэрофлот» запускает рейсы между Петербургом и Бангкоком","null","А ещё из Пулкова станут чаще летать в Тунис.",https://kudago.com/spb/news/aeroflot-zapuskaet-rejsyi-mezhdu/,0,0,1726228609,0.5
51376,"Над Подмосковьем и Ленобластью наблюдали северное сияние","null","В выходные есть шанс на повторение небесного шоу.",https://kudago.com/all/news/nad-podmoskovem-i-lenoblastyu/,0,0,1726228476,0.5
51375,"В Петербурге объявили оранжевый уровень опасности из-за жары","null","В Ленобласти ситуация не лучше.",https://kudago.com/spb/news/v-peterburge-obyavili-oranzhevyij-uroven-opasnosti-iz-za-zhary/,0,0,1726221371,0.5
51372,"В Новгороде нашли берестяную грамоту с пожеланием удавиться","null","Сообщению около 900 лет.",https://kudago.com/all/news/v-novgorode-nashli-berestyanuyu/,0,0,1726154834,0.5
51371,"Музей-усадьба художника Ильи Репина закрывается на реставрацию","null","Работы продлятся почти два года.",https://kudago.com/spb/news/muzej-usadba-hudozhnika-ili/,0,0,1726153285,0.5
51368,"У станции «Рыбацкое» построят перехватывающую парковку","null","Идёт поиск исполнителя.",https://kudago.com/spb/news/u-metro-ryibatskoe-postroyat/,0,0,1726151610,0.5
51367,"Майкл Б. Джордан снимет свою версию «Аферы Томаса Крауна»","null","И исполнит в ней главную роль.",https://kudago.com/all/news/majkl-b-dzhordan-snimet-svoyu/,0,0,1726149187,0.5
51364,"Обновленную экспозицию петербургского Центра культурного наследия представят в октябре","null","Также в музейно-просветительском пространстве появился аудиогид.",https://kudago.com/spb/news/obnovlennuyu-ekspozitsiyu/,0,0,1726146548,0.5
51361,"В Петербурге показали, какими должны быть козырьки для внутренних дворов","null","В разработке образцов участвовал КГИОП.",https://kudago.com/spb/news/v-peterburge-pokazali-kakimi/,0,0,1726146442,0.5
51362,"Сладкий вкус справедливости: рецензия на фильм «Револьвер»","null","Кинопрокатная компания «Про:Взгляд» регулярно приносит на российские экраны жемчужины кинематографа со всего мира. В этот раз прокатчик удивляет отборным южнокорейским кино с мрачной атмосферой и медитативным развитием сюжета. Кроме того, в главных ролях наверняка знакомые российскому зрителю лица — лауреатка Каннского кинофестиваля Чон До Ён, Чи Чхан Ук из «Большего зла» и Ли Джон Джэ из «Игры в кальмара». Какой получилась криминальная драма, читайте в нашей рецензии. Ещё больше обзоров премьер и рецензий на фильмы ищите у нас на сайте в разделе про кино.",https://kudago.com/all/news/retsenziya-na-film-revolver/,0,0,1726145106,0.5
51358,"В России могут организовать посадку на поезд по биометрии","null","Не придётся показывать документы или билет.",https://kudago.com/all/news/v-rossii-mogut-organizovat/,0,0,1726143593,0.5
51359,"Авиарейсы из Петербурга в Дубай станут ежедневными","null","Время полёта — семь часов.",https://kudago.com/spb/news/aviarejsyi-iz-peterburga-v-dubaj/,0,0,1726143506,0.5
51357,"Первая декада сентября выдалась в Петербурге аномально солнечной","null","Вторая будет не хуже.",https://kudago.com/spb/news/pervaya-dekada-sentyabrya-vyidalas/,0,0,1726138683,0.5
51354,"Вышла аудиоверсия книги «Канашибари. Пока не погаснет последний фонарь. Том II»","null","Герои снова проверяют себя на прочность в мрачных испытаниях.",https://kudago.com/all/news/vyishla-audioversiya-knigi/,0,0,1726135751,0.5
51355,"В Выборге законсервируют средневековый собор","null","Его руины станут частью общественного пространства.",https://kudago.com/spb/news/v-vyiborge-zakonserviruyut-srednevekovyj-sobor/,0,0,1726135514,0.5
51352,"Эрмитаж отменит плату за вход на три дня","null","Но только по вечерам.",https://kudago.com/spb/news/besplatnyj-vhod-v-ermitazh-po-vecheram/,0,0,1726065748,0.5
51351,"Вышел трейлер байопика о Дональде Трампе","null","В ленте расскажут о молодости будущего президента США.",https://kudago.com/all/news/trejler-bajopika-o-donalde-trampe/,0,0,1726065543,0.5
51318,"Новая культура зовёт: гид по кинофестивалю Beat Weekend 2024","null","С 12 по 22 сентября в 27 городах России пройдёт фестиваль документального кино о новой культуре Beat Weekend. Вот уже несколько лет создатели фестиваля собирают региональную спецпрограмму, куда входят лучшие показы московского Beat Film Festival. Этот год не стал исключением, и авторам есть чем удивить поклонников документального кино. Ещё больше обзоров премьер и рецензий на фильмы ищите у нас на сайте в разделе про кино.",https://kudago.com/all/news/gid-po-kinofestivalyu-beat-weekend-2024/,0,0,1726063997,0.5
51349,"Опубликован новый трейлер мультфильма «Дикий робот»","null","Мировая премьера — в конце сентября.",https://kudago.com/all/news/trejler-multfilma-dikij-robot/,0,0,1726063673,0.5
51345,"В России могут запретить квадроберов","null","Подражание животным опасно для подростков и их окружения, считают инициаторы идеи.",https://kudago.com/all/news/v-rossii-mogut-zapretit/,0,0,1726060741,0.5
51346,"Стала известна стоимость проезда по ВСМ","null","Ввод в эксплуатацию намечен через четыре года.",https://kudago.com/all/news/stala-izvestna-stoimost-proezda-po-vcm/,0,0,1726060565,0.5
51342,"Из Финского залива подняли обломки советского самолёта времён ВОВ","null","Они станут экспонатами музея.",https://kudago.com/spb/news/iz-finskogo-zaliva-podnyali/,0,0,1726060378,0.5
51343,"На трассе М-11 хотят сделать музыкальную разметку","null","Она помогает водителям следить за расстоянием до обочины.",https://kudago.com/all/news/na-trasse-m-11-hotyat-sdelat/,0,0,1726055814,0.5
51317,"Мир искусства: 3 канала в VK Видео для вдохновения и творчества","null","Узнайте больше о мире искусства и расширяйте свои горизонты! KudaGo и VK Видео выбрали для вас видеоблоги, где искусство становится доступным каждому. Здесь можно познакомиться с выдающимися произведениями, узнать много нового от экспертов в сфере культуры и получить заряд вдохновения для собственного творчества.",https://kudago.com/all/news/mir-iskusstva-3-kanala-v-vk/,1,0,1726053045,0.7310585786300049
51341,"Пулково запускает бесплатный шаттл до терминала","null","Он  будет курсировать по ночам.",https://kudago.com/spb/news/pulkovo-zapuskaet-besplatnyj-shattl-do-terminala/,0,0,1726049517,0.5
51340,"В Финском заливе заметили белых цапель","null","Они охотились рядом с дамбой.",https://kudago.com/spb/news/v-finskom-zalive-zametili-belyih/,0,0,1726049062,0.5
31702,"Перфекционизм и чёрный юмор — что объединяет фильмы Стэнли Кубрика","null","Стэнли Кубрик по праву считается одним из самых значимых режиссёров мирового кинематографа. Он получил признание ещё при жизни, и до сих пор его фильмы пользуются огромной популярностью. «Сияние», «Заводной апельсин», «Цельнометаллическая оболочка» — каждая из его 13 картин самобытна и не похожа на другие. Однако даже у такого многогранного автора есть чёткая методология, которая прослеживается в каждой работе. Мы решили вспомнить, что объединяет картины гениального режиссёра. Ещё больше обзоров премьер и рецензий на фильмы ищите у нас на сайте в разделе про кино.",https://kudago.com/all/news/absolyutnyij-perfektsionizm-i/,3,0,1726009561,0.9525741268224334
51336,"Стартовал кастинг для нового сериала про Гарри Поттера","null","Исполнителей ищут в Британии и Ирландии.",https://kudago.com/all/news/startoval-kasting-dlya-novogo/,0,0,1725984018,0.5
51335,"Стало известно, кто снимет четвёртого «Человека-паука»","null","Стороны ведут переговоры.",https://kudago.com/all/news/kto-snimet-chetvertogo-cheloveka-pauka/,0,0,1725983934,0.5
51333,"В Пушкине реставрируют старинный вокзал","null","Работы планируют завершить до конца года.",https://kudago.com/spb/news/v-pushkine-restavriruyut-vokzal/,0,0,1725983449,0.5
51334,"Создатели нового фильма «Буратино» запустили масштабный кастинг","null","Любой желающий может стать частью актёрской команды.",https://kudago.com/all/news/kasting-v-buratino/,0,0,1725982230,0.5
51330,"В центре Петербурга запретят проезд и парковку","null","Все ограничения снимут только 22 сентября.",https://kudago.com/spb/news/v-tsentre-peterburga-zapretyat/,0,0,1725978312,0.5
51331,"«Победа» анонсировала распродажу билетов","null","Скидки на все направления.",https://kudago.com/all/news/pobeda-anonsirovala-rasprodazhu/,0,0,1725974708,0.5
51327,"Названы станции метро Петербурга, где будут тестировать оплату по биометрии","null","Первыми новую технологию опробуют сотрудники подземки.",https://kudago.com/spb/news/testirovat-oplatu-po-biometrii/,0,0,1725971117,0.5
51320,"Linkin Park: легендарная группа в цифрах","null","На прошлой неделе группа Linkin Park объявила о возвращении на сцену, гастрольном туре и грядущем выпуске очередного альбома. Состав команды пополнился новыми участниками — и теперь готов к покорению новых высот!",https://kudago.com/all/news/linkin-park-v-tsifrah/,2,0,1725970954,0.8807970779778823
51326,"В Петербурге заметили уличное пианино","null","На нём просят не играть ночью.",https://kudago.com/spb/news/v-peterburge-zametili-ulichnoe-pianino/,0,0,1725964637,0.5
51325,"Apple провела презентацию новинок 2024 года","null","Покупателям представили улучшенные модели смартфонов, часов и наушников.",https://kudago.com/all/news/apple-provela-prezentatsiyu/,0,0,1725964488,0.5
51324,"В Удельном парке белки устраивают грибной дождь","null","Особую осторожность следует проявлять в районе дубовой поляны.",https://kudago.com/spb/news/posetitelej-udelnogo-parka/,0,0,1725964140,0.5
51322,"Новая экотропа появилась в Ленобласти","null","Её обустройство заняло год.",https://kudago.com/spb/news/novaya-ekotropa-poyavilas-v-lenoblasti/,0,0,1725960237,0.5
51316,"В Ленобласти пожарные спасли пса из люка коллектора","null","Он угодил в ловушку, когда вышел на утреннюю пробежку.",https://kudago.com/spb/news/v-lenoblasti-pozharnyie-spasli-psa/,0,0,1725896947,0.5
51314,"В Адыгее сплели самую длинную в истории  России сырную косу","null","Её изготовили во время гастрономического фестиваля.",https://kudago.com/all/news/samaya-dlinnaya-syrnaya-kosa-rossii/,0,0,1725895486,0.5
51312,"«Сёгун» установил рекорд по числу выигранных Creative Arts Emmys","null","Также награда досталась Джейми Ли Кёртис.",https://kudago.com/all/news/syogun-ustanovil-rekord-po/,0,0,1725893507,0.5
51310,"Стали известны лауреаты Венецианского кинофестиваля","null","Главный приз получил Педро Альмодовар.",https://kudago.com/all/news/laureaty-venecianskogo-kinofestivalya-2024/,0,0,1725888365,0.5
51309,"The Weeknd поделился обложкой нового альбома","null","И его названием.",https://kudago.com/all/news/the-weeknd-podelilsya-oblozhkoj/,0,0,1725887183,0.5
51308,"Фестиваль Beat Weekend 2024 представил программу для Санкт-Петербурга","null","На показы пригласили экспертных гостей под тематику каждого фильма.",https://kudago.com/spb/news/festival-beat-weekend-2024/,0,0,1725887048,0.5
51307,"Чёрные лисички и многоглавые боровики: грибники Петербурга и Ленобласти делятся фотографиями трофеев","null","Жара грозит сорвать осенний сезон сбора грибов.",https://kudago.com/spb/news/gribniki-peterburga-i-lenoblasti-delyatsya-fotografiyami/,0,0,1725880364,0.5
51234,"Город глазами художника Никаса Сафронова","Петропавловская крепость","В Петропавловской крепости стартовала персональная выставка художника Никаса Сафронова под названием «Большая Любовь к Петербургу». Мы встретились с ним на её открытии и поговорили с ним о том, каким он видит Северную столицу. Вот что из этого получилось.",https://kudago.com/all/news/gorod-glazami-hudozhnika-nikasa/,0,0,1725877125,0.5
51305,"В Петербурге продолжается лето","null","Эта неделя будет сухой и тёплой.",https://kudago.com/spb/news/v-peterburge-prodolzhaetsya-leto/,0,0,1725876810,0.5
51300,"Москва лидирует в списке городов, где живут одиночки","null","Тренд на самостоятельную жизнь набирает обороты.",https://kudago.com/all/news/moskva-lidiruet-v-spiske/,0,0,1725636939,0.5
51299,"Вышел новый трейлер сказочного мюзикла «Злая» с Ариной Гранде","null","Премьера ожидается в конце осени.",https://kudago.com/all/news/vyishel-novyij-trejler-skazochnogo/,0,0,1725634239,0.5
51298,"Linkin Park анонсировали тур и новый альбом","null","У группы новые вокалистка и барабанщик.",https://kudago.com/all/news/linkin-park-anonsirovali-tur-i/,0,0,1725629958,0.5
51295,"В Пушкине отремонтировали мост-памятник","null","По нему идёт дорога к железнодорожному вокзалу.",https://kudago.com/spb/news/v-pushkine-otremontirovali-most-/,0,0,1725623022,0.5
51294,"РЖД продлили маршрут туристического поезда «Зоопарк экспресс» в Карелии","null","Состав продолжит курсировать осенью",https://kudago.com/spb/news/rzhd-prodlili-marshrut/,0,0,1725619309,0.5
51212,"Прятки, салки и Шекспир: рецензия на спектакль «Барышня-крестьянка» в Молодёжном театре на Фонтанке","null","Молодёжный театр на Фонтанке представил собственную сценическую версию «Барышни-крестьянки» из цикла Александра Сергеевича Пушкина «Повести Белкина». Премьера состоялась в рамках фестиваля «Петербург. Пространство Пушкина», приуроченного к 225-летию поэта. В постановке режиссёра Натальи Архиповой лаконичный пушкинский шедевр оброс дополнительными персонажами и сюжетными линиями, сохранив первоначальную лёгкость и очарование. Руководитель постановки — Семён Спивак.",https://kudago.com/spb/news/review-spektakl-baryshnya-krestianka/,1,0,1725619132,0.7310585786300049
51292,"Петербургу обещают новые температурные рекорды","null","Летняя погода задержится в Северной столице.",https://kudago.com/spb/news/peterburgu-obeschayut-novyie/,0,0,1725615346,0.5
51258,"«Дорожное радио» проведёт специальный эфир из Петропавловской крепости","null","Слушателей ждём особое шоу.",https://kudago.com/spb/news/dorozhnoe-radio-provedyot/,0,0,1725595206,0.5
51282,"В Ленобласти грибы растут даже в лисьих норах","null","Фотографии находки появились в соцсетях.",https://kudago.com/spb/news/v-lenoblasti-gribyi-nahodyat-dazhe/,0,0,1725550093,0.5
51281,"В программу следующих «Поющих мостов» вошли песни в исполнении Галины Вишневской","null","Шоу посвятят дню начала Блокады Ленинграда.",https://kudago.com/spb/news/v-programmu-sleduyuschih-poyuschih/,0,0,1725549422,0.5
51280,"Netflix заказал мультсериал по «Сумеркам»","null","В основу ляжет роман, написанный от лица Эдварда Каллена.",https://kudago.com/all/news/netflix-zakazal-multserial-po-sumerkam/,0,0,1725549100,0.5
51279,"«Убийства в одном здании» получили пятый сезон","null","Сейчас транслируют четвёртый.",https://kudago.com/all/news/ubijstva-v-odnom-zdanii/,0,0,1725545421,0.5
51278,"Проект VK Места выпустил фильм о Санкт-Петербурге","null","Ведущие побывали в старинных дворцах и современных музеях.",https://kudago.com/spb/news/proekt-vk-mesta-vyipustil-film-o/,0,0,1725545255,0.5
51277,"Стало известно, когда в Петербурге внедрят новые способы оплаты проезда","null","Их тестирование начнётся осенью.",https://kudago.com/spb/news/kogda-v-peterburge-vnedryat-novye-sposoby-oplaty-proezda/,0,0,1725542094,0.5
51274,"Строительство ВСМ между Москвой и Петербургом собираются начать в сентябре","null","На её прокладку намерены потратить не более пяти лет.",https://kudago.com/all/news/stroitelstvo-vsm-moskva-/,0,0,1725541918,0.5
51272,"Критики выбрали 100 лучших эпизодов из американских сериалов","null","В топ попали не только современные шоу, но и классика ТВ.",https://kudago.com/all/news/100-luchshih-epizodov-iz-amerikanskih-serialov/,0,0,1725535991,0.5
51269,"Главный штаб закроют на три дня","null","Остальные музейные пространства Эрмитажа работают по привычному графику.",https://kudago.com/spb/news/glavnyij-shtab-zakroyut-na-tri-dnya/,0,0,1725532151,0.5
51268,"Новая книга Виктора Пелевина выйдет в этом году","null","Писатель скрасил ожидание фанатов специальным плейлистом.",https://kudago.com/all/news/novaya-kniga-viktora-pelevina/,0,0,1725531687,0.5
51266,"В России начнут проводить школьные олимпиады по труду","null","Первая состоится в этом году.",https://kudago.com/all/news/v-rossii-nachnut-provodit/,0,0,1725463915,0.5
51265,"В Петербурге первоклассникам подарят билеты в кино","null","С собой предлагают взять одного из родителей.",https://kudago.com/spb/news/v-peterburge-pervoklassnikam/,0,0,1725463816,0.5
51263,"Вышел трейлер нового сериала с Николь Кидман","null","В проекте приняли участие Лив Шрайбер и Дакота Фаннинг.",https://kudago.com/all/news/vyishel-trejler-novogo-seriala-s/,0,0,1725463717,0.5
51260,"Фандом Фест опубликовал финальную программу фестиваля","null","В ней — встречи с авторами и выступления известных артистов.",https://kudago.com/all/news/finalnaya-programma-fandom-festa/,0,0,1725463134,0.5
51257,"Появился новый тизер фильма «Джокер: Безумие на двоих»","null","Также студия опубликовала новый постер и фрагмент из ленты.",https://kudago.com/all/news/vyishel-novyij-tizer-dzhokera/,0,0,1725453335,0.5
51256,"Одинокий дикарь: рецензия на фильм «Чёрный пёс»","null","В российский прокат выходит китайский фильм «Чёрный пёс» — нетипичная история о дружбе человека и собаки. Чем хорош лауреат Каннского фестиваля, рассказываем в нашей рецензии. Ещё больше обзоров премьер и рецензий на фильмы ищите у нас на сайте в разделе про кино.",https://kudago.com/all/news/retsenziya-na-film-chyornyij-pyos/,0,0,1725449432,0.5
51255,"Звёзды «Гарри Поттера» появились в новом трейлере кулинарного шоу по миру Джоан Роулинг","null","В роли ведущих близнецы Уизли.",https://kudago.com/all/news/zvyozdyi-filmov-pro-garri-pottera/,0,0,1725446612,0.5
51254,"В Петербурге побит температурный рекорд","null","Лето продолжается.",https://kudago.com/spb/news/v-peterburge-pobit-temperaturnyij/,0,0,1725443727,0.5
51246,"Школьников Приморья будут учить корейскому языку","null","В регион пригласили педагогов из Северной Кореи.",https://kudago.com/all/news/shkolnikov-primorya-budut-uchit/,0,0,1725381979,0.5
51249,"Попытка повторить: рецензия на фильм «Счастливые дни»","null","Сейчас на больших экранах можно увидеть медленное, тягучее итальянское кино о попытке возродить былые отношения. Режиссёр и сценарист Симоне Петралья берёт на главные роли Анну Гальена и Франко Неро. Но тандем прекрасных актёров, кажется, не показывает максимально слаженной работы. А в самом сюжете угадываются связи с великой «Любовью» Михаэля Ханеке. Подробнее о том, каким получился фильм, читайте в нашей рецензии. Ещё больше обзоров премьер и рецензий на фильмы ищите у нас на сайте в разделе про кино.",https://kudago.com/all/news/popyitka-povtorit-retsenziya-na/,0,0,1725379446,0.5
51244,"Кровь и мёд: рецензия на фильм «Пчеловод» с Джейсоном Стэйтемом","null","«Пчеловод» — боевик от режиссёра «Патруля», «Ярости» и «Отряда самоубийц» Дэвида Эйра. А любимый, почти что народный, актёр для российского зрителя — Джейсон Стэйтем — пробует себя в новой роли. Перевозчиком, механиком и шпионом он уже был. А вот пчеловод — это нечто новое в фильмографии Стэйтема. Каким получился фильм, читайте в нашей рецензии. Ещё больше обзоров премьер и рецензий на фильмы ищите у нас на сайте в разделе про кино.",https://kudago.com/all/news/krov-i-myod-retsenziya-na-film/,0,0,1725377095,0.5
51243,"Сильвестр Сталлоне пишет сценарий к приквелу «Рокки»","null","В нём главному герою 17 лет.",https://kudago.com/all/news/silvestr-stallone-pishet/,0,0,1725373809,0.5
46751,"Эногастрономический фестиваль «Черноморская винная неделя»","null","«Черноморская винная неделя» в Краснодарском крае вновь станет центром притяжения туристов со всей страны. Гостей ждёт обширная программа на любой вкус: экскурсии, музыка, творчество, спорт, ярмарка и другие события.",https://kudago.com/all/news/enogastronomicheskij-festival/,1,0,1725371808,0.7310585786300049
51241,"В Ленобласти в объектив камеры попал готовящийся к зиме медведь","null","Он отъедается ягодами перед спячкой.",https://kudago.com/spb/news/v-lenoblasti-v-obektiv-kameryi/,0,0,1725369944,0.5
51240,"Эрмитаж объявил тему ежегодного конкурса авторской ёлочной игрушки","null","Работы можно присылать до конца ноября.",https://kudago.com/spb/news/ermitazh-obyavil-temu-ezhegodnogo/,0,0,1725369855,0.5
51238,"Стала известна дата премьеры шоу «Вызов. Китайский сезон»","null","Команды из России и Китая сразятся за 10 000 000 рублей.",https://kudago.com/all/news/stala-izvestna-data-premeryi-shou/,0,0,1725369665,0.5
51239,"В Петербурге расширят список объектов культурного наследия","null","Его пополнят более 30 памятников истории и культуры.",https://kudago.com/spb/news/v-peterburge-rasshiryat-spisok/,0,0,1725366557,0.5
51235,"Работодатели рассказали, нужно ли писать о хобби в резюме","null","Мнения разделились.",https://kudago.com/all/news/rabotodateli-rasskazali-nuzhno/,0,0,1725363434,0.5
51232,"Вход на станцию «Звёздная» ограничат из-за ремонтных работ","null","Их завершат в середине октября.",https://kudago.com/spb/news/vhod-na-stantsiyu-zvyozdnaya-ogranichat-iz-za-remonta/,0,0,1725355845,0.5
51185,"«Главная наша миссия — познакомить людей»: интервью с группой Settlers","null","Команда Settlers, лихо сочетающая русский фолк с инди и соулом, выступит на фестивале «Стороны света». По этому случаю участники коллектива рассказали KudaGo о хороводах со зрителями и поделились гастрольной байкой.",https://kudago.com/spb/news/settlers-interview/,0,0,1725292177,0.5
51227,"В Калифорнии запретили создавать цифровых двойников умерших актёров при помощи ИИ","null","Закон поддержал профсоюз актёров.",https://kudago.com/all/news/v-kalifornii-zapretili-sozdavat/,0,0,1725290587,0.5
51226,"В Сестрорецке благоустроили пляж","null","Там появилась детская площадка.",https://kudago.com/spb/news/v-sestroretske-blagoustroili-plyazh/,0,0,1725290368,0.5
51062,"Go по работам: дизайнеры бренда Wearnost про дружбу с клиентами, уникальные материалы и мечты, ставшие реальностью","null","Анастасию Нефедьеву и Юлию Юсупову объединила общая цель — создавать качественные и комфортные пижамы для дома. Так появился на свет бренд одежды из тенселя с нежным названием Wearnost («Верность»). Мы поговорили с Анастасией и Юлией о том, как они решили шить одежду из этой ткани, как успевают совмещать в себе столько ролей и как сделали так, чтобы покупатели возвращались.",https://kudago.com/all/news/go-po-rabotam-proizvoditeli-i/,0,0,1725290344,0.5
51225,"В Петербурге лося вытащили из Невы","null","Животному помогли вернуться в лес.",https://kudago.com/spb/news/v-peterburge-losyu-pomogli/,0,0,1725287457,0.5
50892,"Go по работам: соосновательницы бренда DEDÈ про гениальные идеи в 4 утра, неуловимую ткань и дьявола в деталях","null","Герои Go по работам — уникальные женщины по нескольким причинам. Во-первых, они являются соосновательницами бренда одежда для деловых женщин DEDÈ. Во-вторых, они успешно совмещают ведение бизнеса с ролью многодетных мам, а бренд называют своим четвёртым ребёнком. Мы поговорили с Мариной Фоменко и Анной Рябенко о том, как им удаётся создавать одежду на века, приучать женщин к комфортному стилю и сочетать элегантность с самоподачей.",https://kudago.com/all/news/go-po-rabotam-soosnovatelnitsyi-dede/,1,0,1725274168,0.7310585786300049
51223,"Осень не спешит в Москву и Петербург","null","Жителям мегаполисов обещают летнюю погоду.",https://kudago.com/all/news/osen-ne-speshit-v-moskvu-i/,0,0,1725274050,0.5
51222,"Боксёры и блогеры соревнуются в бисероплетении в новом шоу","null","Победителя ждёт денежный приз.",https://kudago.com/all/news/bojtsyi-pletut-iz-bisera-ot/,0,0,1725273403,0.5
51218,"10AGE и Анет Сай вместе озвучили книгу и выпустили к ней трек","null","Обе работы — о любви.",https://kudago.com/all/news/10age-i-anet-saj-vmeste-ozvuchili/,0,0,1725265132,0.5
51217,"Барри Кеоган сыграет в фильме по мотивам «Острых козырьков»","null","Детали его роли не разглашаются.",https://kudago.com/all/news/barri-keogan-syigraet-v-filme-po/,0,0,1725032145,0.5
51216,"Приоратский замок осадили ежи","null","Колючие гости поедают кошачий корм.",https://kudago.com/spb/news/prioratskij-zamok-osadili-ezhi/,0,0,1725029323,0.5
51215,"В Петербурге откроется сеть математических кружков от лицея № 239","null","Занятия в ведущей школе города станут доступнее.",https://kudago.com/spb/news/v-peterburge-otkroetsya-set/,0,0,1725029127,0.5
51214,"В лесу в Ленобласти заметили соболя, который там не обитает","null","Ушастый зверёк выбрался в дикую природу.",https://kudago.com/spb/news/v-lesu-v-lenoblasti-zametili/,0,0,1725024938,0.5
51208,"Go по работам: поэт Янур Василиев про вдохновение как особенное состояние мозга, поэзию безвременья и фестиваль «День Д»","null","На этих выходных в Петербурге пройдёт фестиваль «День Д», посвящённый творчеству Сергея Довлатова. Мы поговорили с одним из его участников — поэтом Януром Васильевым — о том, почему для него так важно участвовать в этом событии, что стоит за каждым написанным стихотворением и как поймать музу, если она от тебя постоянно ускользает.",https://kudago.com/spb/news/go-po-rabotam-poet-yanur/,0,0,1725016957,0.5
51211,"Зрители «Поющих мостов» смогут увидеть лазерное шоу про Петербург будущего","null","Публике покажут, какие крупные объекты скоро украсят город.",https://kudago.com/spb/news/zriteli-poyuschih-mostov-smogut/,0,0,1725013884,0.5
51210,"Появились первые кадры фильма «Мир Юрского периода: Возрождение»","null","Седьмая часть франшизы выйдет летом 2025-го.",https://kudago.com/all/news/poyavilis-pervyie-kadryi-filma/,0,0,1725008653,0.5
51209,"Netflix анонсировал сериал о звёздах баскетбола","null","Шоу покажет спортивную и личную жизнь игроков НБА.",https://kudago.com/all/news/netflix-anonsiroval-serial-o-zvezdah-basketbola/,0,0,1725006619,0.5
51205,"Англичанин нашёл в гараже гравюры Сальвадора Дали","null","Творения прятались там полвека.",https://kudago.com/all/news/anglichanin-nashyol-v-garazhe/,0,0,1724945414,0.5
51203,"К началу учебного года выпустят тематические «Подорожники»","null","Тираж ограничен.",https://kudago.com/spb/news/k-nachalu-uchebnogo-goda-vyipustyat/,0,0,1724942930,0.5
51202,"Дикие лисы осваиваются в Приморском районе","null","Рыжих хищниц регулярно видят на улицах.",https://kudago.com/spb/news/dikie-lisyi-osvaivayutsya-v/,0,0,1724942491,0.5
51201,"Россияне поделились любимыми спортивными активностями этого лета","null","Сезон стал прибыльным для фитнес-клубов.",https://kudago.com/all/news/rossiyane-podelilis-lyubimyimi/,0,0,1724942096,0.5
51200,"В районе Купчино сделают новую велодорожку","null","Работы завершат в конце осени.",https://kudago.com/spb/news/v-kupchino-sdelayut-novuyu/,0,0,1724938543,0.5
51198,"Режиссёр «Холопа» снимет новую версию «Королевства кривых зеркал»","null","Съёмки стартуют в следующем году.",https://kudago.com/all/news/rezhissyor-holopa-snimet-novuyu/,0,0,1724930824,0.5
51197,"Парад планет наблюдали одновременно с северным сиянием","null","Снимки появились в соцсетях.",https://kudago.com/spb/news/parad-planet-nablyudali/,0,0,1724926243,0.5
51195,"В Приморском районе благоустроили берег Большой Невки","null","Новое общественное пространство откроют в ближайшее время.",https://kudago.com/spb/news/v-primorskom-rajone/,0,0,1724923906,0.5
51190,"В Петербурге готовятся строить трамвайную линию от Парнаса до Бугров","null","Идёт оформление документов.",https://kudago.com/spb/news/v-peterburge-gotovyatsya-stroit/,0,0,1724854420,0.5
51188,"Вышел премьерный трейлер нового «Соника»","null","В кинотеатрах фильм выйдет в конце года.",https://kudago.com/all/news/vyishel-premernyij-trejler-novogo/,0,0,1724854341,0.5
51187,"У лосей Ленобласти начался гон","null","Возрастает риск ДТП с их участием.",https://kudago.com/spb/news/u-losej-lenoblasti-nachalsya-gon/,0,0,1724844276,0.5
51182,"Мобильные пункты вакцинации от гриппа открылись в Петербурге","null","Их можно найти у станций подземки и в торговых центрах.",https://kudago.com/spb/news/mobilnyie-punktyi-vaktsinatsii-ot-grippa-v-peterburge/,0,0,1724839605,0.5
51180,"Победить с помощью воображения: рецензия на мультфильм «Гиганты Ла-Манша»","null","Новинка для детей и в целом для семейного похода в кино — мультфильм с отсылками к великому «Дон Кихоту» Сервантеса от режиссёра Гонсало Гутьерреса. В российском дубляже главные роли озвучили стендап-комик Никита Шевчук и певица Instasamka. В остальном же анимация почти что ничем не примечательна. Впрочем, сама история не лишена обаяния. Подробнее читайте в нашей рецензии. Ещё больше обзоров премьер и рецензий на фильмы ищите у нас на сайте в разделе про кино.",https://kudago.com/all/news/retsenziya-na-multfilm-gigantyi/,0,0,1724832231,0.5
51178,"Анимационный сиквел «Все ненавидят Криса» выйдет в сентябре","null","Премьера мультсериала состоится в конце месяца.",https://kudago.com/all/news/sikvel-sitkoma-vse-nenavidyat/,0,0,1724829129,0.5
51177,"В Петербурге недовольны высокими ценами на «Сапсаны»","null","Особое обращение отправят в госсовет по туризму.",https://kudago.com/all/news/peterburgskie-chinovniki-i/,0,0,1724773213,0.5
51175,"Набережные в центре Петербурга объединят в единое пешеходное пространство","null","Появятся новые выходы к воде.",https://kudago.com/spb/news/naberezhnyie-v-tsentre-peterburga/,0,0,1724772979,0.5
51174,"Новое гастропространство появится в Невском районе Петербурга","null","Оно откроется в 2025 году.",https://kudago.com/spb/news/gastroprostranstvo-v-nevskom-rajone/,0,0,1724771014,0.5
51172,"Oasis объявили о воссоединении","null","На следующий год запланирован концертный тур.",https://kudago.com/all/news/oasis-obyavili-o-vossoedinenii/,0,0,1724770772,0.5
51173,"Баста рассказал о новом рэп-кор проекте, отношении к славе и отцовстве","null","Рэпер дал большое честное интервью.",https://kudago.com/all/news/basta-rasskazal-o-novom-rep-kor/,0,0,1724769790,0.5
51171,"Медвежонок выбежал на трассу М-11 и создал пробку","null","Водители терпеливо ждали, пока косолапый набегается.",https://kudago.com/all/news/medvezhonok-vyibezhal-na-trassu/,0,0,1724769501,0.5
51169,"Вышел трейлер второй части четвертого сезона «Эмили в Париже»","null","Премьера состоится в начале осени.",https://kudago.com/all/news/trejler-vtoroj-chasti-4-sezona-emili-v-parizhe/,0,0,1724766074,0.5
51168,"Опубликован топ-10 российских мелодрам","null","Специалисты проанализировали отзывы зрителей и экспертов.",https://kudago.com/all/news/top-10-luchshih-rossijskih-melodram/,0,0,1724763192,0.5
51165,"К началу учебного года РЖД запустят дополнительные «Сапсаны»","null","А в сентябре увеличат количество мест в поездах.",https://kudago.com/all/news/k-nachalu-uchebnogo-goda-rzhd/,0,0,1724753623,0.5
51164,"Фестиваль «Антон тут рядом» собрал рекордное количество средств","null","Поддержать организацию пришло свыше 6 500 человек.",https://kudago.com/spb/news/festival-anton-tut-ryadom-v-peterburge/,0,0,1724750260,0.5
51162,"Назвали самых высокооплачиваемых специалистов Петербурга","null","Лидеры — представители IT-индустрии.",https://kudago.com/spb/news/peterburzhtsam-nazvali-samyih/,0,0,1724688137,0.5
51160,"В конце августа в небе пройдёт парад планет","null","Большинство можно будет разглядеть невооруженным глазом.",https://kudago.com/all/news/v-kontse-avgusta-v-nebe-projdyot/,0,0,1724687235,0.5
51159,"Пассажиры РЖД требуют запретить есть в вагонах лапшу и пюре","null","Специи пахнут бедностью.",https://kudago.com/all/news/passazhiryi-rzhd-trebuyut-zapretit/,0,0,1724685568,0.5
51157,"В Disney работают сразу над двумя новыми частями «Холодного сердца»","null","Релиз третьего фильма запланирован на 2027 год.",https://kudago.com/all/news/v-disney-rabotayut-srazu-nad/,0,0,1724685450,0.5
51156,"Проклятый мальчик: рецензия на фильм «Ворон»","null","Ремейк культового фильма 1994 года уже на больших экранах. Долгожданный и амбициозный проект не оправдал зрительских ожиданий. В чём проблема нового фильма с Биллом Скарсгардом в главной роли, читайте в нашей рецензии. Ещё больше обзоров премьер и рецензий на фильмы ищите у нас на сайте в разделе про кино.",https://kudago.com/all/news/retsenziya-na-film-voron/,0,0,1724684551,0.5
51155,"При сдаче ЕГЭ запретили ссылаться на комиксы и компьютерные игры","null","Также из списка рекомендованной литературы пропали Оруэлл и Пелевин.",https://kudago.com/all/news/pri-sdache-ege-zapretili/,0,0,1724681872,0.5
51153,"Гид по фестивалю «Современное кино Китая»","null","С 7 по 16 сентября в трёх городах — Санкт-Петерубрге, Москве и Новосибирске — пройдёт фестиваль «Современное кино Китая». Впервые в Россию привезут пять новых кинолент. Редакция KudaGo уже ознакомилась с программой кинофестиваля. В этом материале расскажем, что необычного увидит российский зритель. Ещё больше обзоров премьер и рецензий на фильмы ищите у нас на сайте в разделе про кино.",https://kudago.com/all/news/gid-po-festivalyu-sovremennoe/,0,0,1724676722,0.5
51151,"«Тед  Лассо» получит четвёртый сезон","null","Съёмки могут начаться в следующем году.",https://kudago.com/all/news/chetvertyj-sezon-ted-lasso/,0,0,1724676404,0.5
51150,"В зимнем расписании Пулкова впервые появятся рейсы в Шанхай","null","Они будут выполняться три раза в неделю.",https://kudago.com/spb/news/v-zimnem-raspisanii-pulkovo/,0,0,1724668021,0.5
51148,"Конец лета порадует петербуржцев отсутствием дождей","null","Похолодания не ожидается.",https://kudago.com/spb/news/konets-leta-poraduet-peterburzhtsev/,0,0,1724664755,0.5
51141,"Одноклассники запускают первое профессиональное шоу в формате slow life","null","Проект перенесёт зрителей подальше от будничной суеты.",https://kudago.com/all/news/odnoklassniki-zapuskayut-pervoe/,0,0,1724656366,0.5
51139,"Создатель «Коня БоДжека» возьмётся за новый мультик для взрослых","null","Сюжет будет строиться вокруг истории семьи.",https://kudago.com/all/news/sozdatel-konya-bodzheka/,0,0,1724420815,0.5
51142,"В школах России начнут преподавать семьеведение","null","Цель курса — повысить рождаемость.",https://kudago.com/all/news/v-shkolah-rossii-nachnut/,0,0,1724420690,0.5
51140,"Ливерпульский клуб, где играли The Beatles, переделали в апартаменты","null","У фанатов появилась возможность провести там выходные.",https://kudago.com/all/news/liverpulskij-klub-gde-igrali/,0,0,1724420583,0.5
51138,"Порушенная иерархия: рецензия на фильм «Идеальный лжец»","null","В прокате — фильм «Идеальный лжец» с Питером Сарсгаардом в роли обольстительного негодяя. Захватывающая комедия не без иронии напоминает, что на самоизоляции живётся несладко в любые времена. Ещё больше обзоров премьер и рецензий на фильмы ищите у нас на сайте в разделе про кино.",https://kudago.com/all/news/retsenziya-na-film-idealnyij-ljec/,0,0,1724415408,0.5
51137,"Netflix снимет сериал по «Портрету Дориана Грея»","null","Действие перенесут в наши дни.",https://kudago.com/all/news/netflix-snimet-serial-po/,0,0,1724415112,0.5
51134,"Опубликован трейлер аниме «Властелин колец: Война рохирримов»","null","Премьера в конце года.",https://kudago.com/all/news/opublikovan-trejler-anime/,0,0,1724410732,0.5
51129,"ГМИИ имени Пушкина приглашает на акцию «Рисуем вместе»","null","Она пройдёт в филиалах по всей стране.",https://kudago.com/all/news/gmii-imeni-pushkina-priglashaet-na/,0,0,1724409727,0.5
51130,"В Петербурге объявили «оранжевый» уровень погодной опасности","null","Его сменит «жёлтый».",https://kudago.com/spb/news/v-peterburge-obyavili-23-08-2024/,0,0,1724405776,0.5
51132,"Вход на станцию «Площадь Восстания» ограничат","null","Расписание работы вестибюля изменится на два месяца.",https://kudago.com/spb/news/vhod-na-stantsiyu-ploschad/,0,0,1724404133,0.5
51127,"Гнездо редкой птицы заметили в Петербурге","null","Это лишь второй случай за несколько лет.",https://kudago.com/spb/news/gnezdo-redkoj-ptitsyi-zametili-v/,0,0,1724340517,0.5
51125,"В Африке нашли гигантский алмаз","null","Он весит почти 500 грамм.",https://kudago.com/all/news/v-afrike-nashli-gigantskij-almaz/,0,0,1724340097,0.5
51119,"Москву посетит известный буддийский учитель","null","Один из выдающихся буддийских учителей современности Кьябдже Намка Дриме Рабджам Ринпоче прибудет в Москву 1 сентября.",https://kudago.com/all/news/moskvu-posetit-izvestnyij/,0,0,1724338685,0.5
50818,"В Питере — строить бизнес. История студии Backyard Ceramics","null","Петербургская студия  Backyard Ceramics создаёт особенный фарфор, который может стать украшением вашего дома, воплощением самых смелых идей, фишкой бренда или визитной карточкой ресторана. Создатель студии Павел Белоногов  рассказал, как современные технологии и любовь к историям помогли выйти на совершенно новый уровень бизнеса.",https://kudago.com/all/news/v-pitere---stroit-biznes-backyard-ceramics/,0,0,1724338186,0.5
51126,"Россияне мечтают о сиквеле «Мастера и Маргариты»","null","А ещё большинство опрошенных любит читать новые истории про полюбившихся героев.",https://kudago.com/all/news/rossiyane-mechtayut-prochitat/,0,0,1724337469,0.5
51123,"Девятиклассникам запретят ссылаться на комиксы, аниме и компьютерные игры при сдаче ОГЭ","null","Новые правила начнут действовать со следующего года.",https://kudago.com/all/news/devyatiklassnikam-zapretyat/,0,0,1724332746,0.5
51121,"Последние летние выходные в Петербурге будут тёплыми","null","И почти без дождей.",https://kudago.com/spb/news/poslednie-letnie-vyihodnyie-v/,0,0,1724331299,0.5
51118,"Россияне в этом сезоне стали больше тратить на дачные товары","null","«Одноклассники» подсчитали расходы на семена, саженцы и инвентарь.",https://kudago.com/all/news/rossiyane-v-etom-sezone-stali/,0,0,1724327274,0.5
51117,"Движение по Большеохтинскому мосту ограничат","null","На переправе собираются менять асфальт.",https://kudago.com/spb/news/dvizhenie-po-bolsheohtinskomu/,0,0,1724324424,0.5
51116,"Новый трейлер «Мегалополиса» Фрэнсиса Форда Копполы вызвал скандал","null","Дистрибьютор удалил ролик.",https://kudago.com/all/news/novyij-trejler-megalopolisa/,0,0,1724320012,0.5
51112,"Третьей части «Джокера» не планируется","null","Об этом рассказал автор проекта.",https://kudago.com/all/news/tretej-chasti-dzhokera-ne/,0,0,1724254235,0.5
51111,"В Петергофе расшифровали старинные ноты из кабинета Петра I","null","Полученную композицию исполнил в петергофском дворце оркестр из Петербурга.",https://kudago.com/spb/news/v-petergofe-rasshifrovali/,0,0,1724253994,0.5
51103,"Составлены рейтинги школ по конкурентоспособности и проценту поступивших в лучшие вузы страны","null","Лидируют столичные учебные заведения.",https://kudago.com/all/news/sostavlenyi-rejtingi-shkol-po/,0,0,1724248936,0.5
51109,"Netflix снимет документальный сериал про Викторию Бекхэм","null","В нём покажут путь звезды от певицы до успешного дизайнера.",https://kudago.com/all/news/netflix-snimet-dokumentalnyij/,0,0,1724248868,0.5
51108,"Владельцы карты «Серебряный возраст» смогут посещать петербургские музеи  за 1 рубль","null","Акция стартует осенью.",https://kudago.com/spb/news/vladeltsyi-kartyi-serebryanyij/,0,0,1724248443,0.5
51105,"Россияне выбрали самые романтичные города страны","null","Лидер рейтинга  — Санкт-Петербург.",https://kudago.com/all/news/rossiyane-vyibrali-samyie-21-08-2024/,0,0,1724248376,0.5
51043,"Trendy Box выпускает в Санкт-Петербурге корейский набор в честь Куксу-Феста","null","Подарок познакомит с азиатскими бьюти-трендами и традиционной кухней.",https://kudago.com/spb/news/trendy-box-vyipuskaet-v-sankt-/,0,0,1724243673,0.5
51104,"Бен Аффлек и Дженнифер Лопес разводятся","null","Их брак продлился два года.",https://kudago.com/all/news/ben-afflek-i-dzhennifer-lopes-21-08-2024/,0,0,1724242224,0.5
51102,"Петербуржцы выбрали самые престижные профессии","null","Возглавили рейтинг IT-специалисты.",https://kudago.com/spb/news/peterburzhtsyi-vyibrali-samyie/,0,0,1724242120,0.5
51099,"HBO выпустил трейлер документального фильма о съёмках «Клана Сопрано»","null","Премьера в начале сентября.",https://kudago.com/all/news/hbo-vyipustil-trejler/,0,0,1724231977,0.5
51096,"Народный полицейский: рецензия на фильм «Криминальный город: Возмездие»","null","Корейская франшиза про полицейского Ма Сок-то продолжает радовать фанатов. Но, вероятно, разочарует простых любителей боевиков. К четвёртой части неплохая криминальная комедия начинает сдавать обороты. Впрочем, намерения Ма Дон-сока, который является и исполнителем главной роли, и продюсером франшизы, дают надежду на перспективное продолжение киносерии. Ещё больше обзоров премьер и рецензий на фильмы ищите у нас на сайте в разделе про кино.",https://kudago.com/all/news/retsenziya-na-film-kriminalnyij-gorod-vozmezdie/,0,0,1724184043,0.5
51095,"Вышел тизер-трейлер новой экранизации «Преступления и наказания»","null","Показ начнётся осенью.",https://kudago.com/all/news/vyishel-tizer-trejler-novoj/,0,0,1724166245,0.5
51092,"Вышел тизер нового фильма Педро Альмодовара","null","В картине снялись Джулианна Мур и Тильда Суинтон.",https://kudago.com/all/news/vyishel-tizer-novogo-filma-pedro/,0,0,1724164504,0.5
51090,"В России появится новый завод по выпуску виниловых пластинок","null","Его откроют в Новосибирске.",https://kudago.com/all/news/v-rossii-poyavitsya-novyij-zavod-po/,0,0,1724164204,0.5
51094,"Скончалась старейшая женщина планеты Мария Браньяс Морера","null","Ей было 117 лет.",https://kudago.com/all/news/skonchalas-starejshaya-zhenschina/,0,0,1724163977,0.5
51069,"Как менялся российский кинематограф: 30 лет истории кино","null","Современное российское кино начало формироваться сразу же после распада СССР, несмотря на экономический кризис, грядущий дефолт и неспокойную обстановку в стране. Груз советского наследия, где было множество великих фильмов, безусловно, формировал постсоветский ландшафт. Всё это было важной основой для разнообразия в кино. Мы проследили историю развития современного российского кинематографа за последние 30 лет. А чтобы выбрать отечественные проекты, которые точно придутся по душе, проходите наш тест. Ещё больше обзоров премьер и рецензий на фильмы ищите у нас на сайте в разделе про кино.",https://kudago.com/all/news/kak-menyalsya-rossijskij/,0,0,1724156694,0.5
51089,"Вышел новый тизер аниме про Лару Крофт","null","Премьера в октябре.",https://kudago.com/all/news/vyishel-novyij-tizer-anime-pro-laru/,0,0,1724151216,0.5
51086,"Под Петербургом в объектив попала трогательная встреча лосихи и её сына","null","Видео опубликовано в соцсетях.",https://kudago.com/spb/news/pod-peterburgom-v-obektiv/,0,0,1724147719,0.5
